--
-- PostgreSQL database dump
--

\restrict Yen2daPNqwaJHOXnIZlbMqBpZ4lrGXagR8zP0vBD5usSIAXBo0HWFisy6j0WoBc

-- Dumped from database version 18.2
-- Dumped by pg_dump version 18.2

SET statement_timeout = 0;
SET lock_timeout = 0;
SET idle_in_transaction_session_timeout = 0;
SET transaction_timeout = 0;
SET client_encoding = 'UTF8';
SET standard_conforming_strings = on;
SELECT pg_catalog.set_config('search_path', '', false);
SET check_function_bodies = false;
SET xmloption = content;
SET client_min_messages = warning;
SET row_security = off;

--
-- Name: public; Type: SCHEMA; Schema: -; Owner: postgres
--

-- *not* creating schema, since initdb creates it


ALTER SCHEMA public OWNER TO postgres;

--
-- Name: SCHEMA public; Type: COMMENT; Schema: -; Owner: postgres
--

COMMENT ON SCHEMA public IS '';


SET default_tablespace = '';

SET default_table_access_method = heap;

--
-- Name: app_opuser; Type: TABLE; Schema: public; Owner: postgres
--

CREATE TABLE public.app_opuser (
    id bigint NOT NULL,
    type_op_user character varying(12) NOT NULL,
    date_op_user timestamp with time zone NOT NULL,
    user_id bigint NOT NULL,
    product_id bigint NOT NULL
);


ALTER TABLE public.app_opuser OWNER TO postgres;

--
-- Name: app_opuser_id_seq; Type: SEQUENCE; Schema: public; Owner: postgres
--

ALTER TABLE public.app_opuser ALTER COLUMN id ADD GENERATED BY DEFAULT AS IDENTITY (
    SEQUENCE NAME public.app_opuser_id_seq
    START WITH 1
    INCREMENT BY 1
    NO MINVALUE
    NO MAXVALUE
    CACHE 1
);


--
-- Name: app_product; Type: TABLE; Schema: public; Owner: postgres
--

CREATE TABLE public.app_product (
    id bigint NOT NULL,
    name_product character varying(50) NOT NULL,
    desc_product text NOT NULL,
    code_product character varying(8) NOT NULL,
    price_product numeric(14,2) NOT NULL,
    price_unit_product numeric(14,2) NOT NULL,
    unit_product character varying(32) NOT NULL,
    stock_product character varying(12) NOT NULL
);


ALTER TABLE public.app_product OWNER TO postgres;

--
-- Name: app_product_id_seq; Type: SEQUENCE; Schema: public; Owner: postgres
--

ALTER TABLE public.app_product ALTER COLUMN id ADD GENERATED BY DEFAULT AS IDENTITY (
    SEQUENCE NAME public.app_product_id_seq
    START WITH 1
    INCREMENT BY 1
    NO MINVALUE
    NO MAXVALUE
    CACHE 1
);


--
-- Name: app_textui; Type: TABLE; Schema: public; Owner: postgres
--

CREATE TABLE public.app_textui (
    id bigint NOT NULL,
    key_text_ui character varying(25) NOT NULL,
    content_en text NOT NULL,
    content_sw text NOT NULL
);


ALTER TABLE public.app_textui OWNER TO postgres;

--
-- Name: app_textui_id_seq; Type: SEQUENCE; Schema: public; Owner: postgres
--

ALTER TABLE public.app_textui ALTER COLUMN id ADD GENERATED BY DEFAULT AS IDENTITY (
    SEQUENCE NAME public.app_textui_id_seq
    START WITH 1
    INCREMENT BY 1
    NO MINVALUE
    NO MAXVALUE
    CACHE 1
);


--
-- Name: app_user; Type: TABLE; Schema: public; Owner: postgres
--

CREATE TABLE public.app_user (
    id bigint NOT NULL,
    password character varying(128) NOT NULL,
    last_login timestamp with time zone,
    is_superuser boolean NOT NULL,
    username character varying(150) NOT NULL,
    first_name character varying(150) NOT NULL,
    last_name character varying(150) NOT NULL,
    is_staff boolean NOT NULL,
    is_active boolean NOT NULL,
    date_joined timestamp with time zone NOT NULL,
    email character varying(254) NOT NULL
);


ALTER TABLE public.app_user OWNER TO postgres;

--
-- Name: app_user_groups; Type: TABLE; Schema: public; Owner: postgres
--

CREATE TABLE public.app_user_groups (
    id bigint NOT NULL,
    user_id bigint NOT NULL,
    group_id integer NOT NULL
);


ALTER TABLE public.app_user_groups OWNER TO postgres;

--
-- Name: app_user_groups_id_seq; Type: SEQUENCE; Schema: public; Owner: postgres
--

ALTER TABLE public.app_user_groups ALTER COLUMN id ADD GENERATED BY DEFAULT AS IDENTITY (
    SEQUENCE NAME public.app_user_groups_id_seq
    START WITH 1
    INCREMENT BY 1
    NO MINVALUE
    NO MAXVALUE
    CACHE 1
);


--
-- Name: app_user_id_seq; Type: SEQUENCE; Schema: public; Owner: postgres
--

ALTER TABLE public.app_user ALTER COLUMN id ADD GENERATED BY DEFAULT AS IDENTITY (
    SEQUENCE NAME public.app_user_id_seq
    START WITH 1
    INCREMENT BY 1
    NO MINVALUE
    NO MAXVALUE
    CACHE 1
);


--
-- Name: app_user_user_permissions; Type: TABLE; Schema: public; Owner: postgres
--

CREATE TABLE public.app_user_user_permissions (
    id bigint NOT NULL,
    user_id bigint NOT NULL,
    permission_id integer NOT NULL
);


ALTER TABLE public.app_user_user_permissions OWNER TO postgres;

--
-- Name: app_user_user_permissions_id_seq; Type: SEQUENCE; Schema: public; Owner: postgres
--

ALTER TABLE public.app_user_user_permissions ALTER COLUMN id ADD GENERATED BY DEFAULT AS IDENTITY (
    SEQUENCE NAME public.app_user_user_permissions_id_seq
    START WITH 1
    INCREMENT BY 1
    NO MINVALUE
    NO MAXVALUE
    CACHE 1
);


--
-- Name: app_usertextui; Type: TABLE; Schema: public; Owner: postgres
--

CREATE TABLE public.app_usertextui (
    id bigint NOT NULL,
    text_ui_id bigint NOT NULL,
    user_id bigint NOT NULL
);


ALTER TABLE public.app_usertextui OWNER TO postgres;

--
-- Name: app_usertextui_id_seq; Type: SEQUENCE; Schema: public; Owner: postgres
--

ALTER TABLE public.app_usertextui ALTER COLUMN id ADD GENERATED BY DEFAULT AS IDENTITY (
    SEQUENCE NAME public.app_usertextui_id_seq
    START WITH 1
    INCREMENT BY 1
    NO MINVALUE
    NO MAXVALUE
    CACHE 1
);


--
-- Name: auth_group; Type: TABLE; Schema: public; Owner: postgres
--

CREATE TABLE public.auth_group (
    id integer NOT NULL,
    name character varying(150) NOT NULL
);


ALTER TABLE public.auth_group OWNER TO postgres;

--
-- Name: auth_group_id_seq; Type: SEQUENCE; Schema: public; Owner: postgres
--

ALTER TABLE public.auth_group ALTER COLUMN id ADD GENERATED BY DEFAULT AS IDENTITY (
    SEQUENCE NAME public.auth_group_id_seq
    START WITH 1
    INCREMENT BY 1
    NO MINVALUE
    NO MAXVALUE
    CACHE 1
);


--
-- Name: auth_group_permissions; Type: TABLE; Schema: public; Owner: postgres
--

CREATE TABLE public.auth_group_permissions (
    id bigint NOT NULL,
    group_id integer NOT NULL,
    permission_id integer NOT NULL
);


ALTER TABLE public.auth_group_permissions OWNER TO postgres;

--
-- Name: auth_group_permissions_id_seq; Type: SEQUENCE; Schema: public; Owner: postgres
--

ALTER TABLE public.auth_group_permissions ALTER COLUMN id ADD GENERATED BY DEFAULT AS IDENTITY (
    SEQUENCE NAME public.auth_group_permissions_id_seq
    START WITH 1
    INCREMENT BY 1
    NO MINVALUE
    NO MAXVALUE
    CACHE 1
);


--
-- Name: auth_permission; Type: TABLE; Schema: public; Owner: postgres
--

CREATE TABLE public.auth_permission (
    id integer NOT NULL,
    name character varying(255) NOT NULL,
    content_type_id integer NOT NULL,
    codename character varying(100) NOT NULL
);


ALTER TABLE public.auth_permission OWNER TO postgres;

--
-- Name: auth_permission_id_seq; Type: SEQUENCE; Schema: public; Owner: postgres
--

ALTER TABLE public.auth_permission ALTER COLUMN id ADD GENERATED BY DEFAULT AS IDENTITY (
    SEQUENCE NAME public.auth_permission_id_seq
    START WITH 1
    INCREMENT BY 1
    NO MINVALUE
    NO MAXVALUE
    CACHE 1
);


--
-- Name: django_admin_log; Type: TABLE; Schema: public; Owner: postgres
--

CREATE TABLE public.django_admin_log (
    id integer NOT NULL,
    action_time timestamp with time zone NOT NULL,
    object_id text,
    object_repr character varying(200) NOT NULL,
    action_flag smallint NOT NULL,
    change_message text NOT NULL,
    content_type_id integer,
    user_id bigint NOT NULL,
    CONSTRAINT django_admin_log_action_flag_check CHECK ((action_flag >= 0))
);


ALTER TABLE public.django_admin_log OWNER TO postgres;

--
-- Name: django_admin_log_id_seq; Type: SEQUENCE; Schema: public; Owner: postgres
--

ALTER TABLE public.django_admin_log ALTER COLUMN id ADD GENERATED BY DEFAULT AS IDENTITY (
    SEQUENCE NAME public.django_admin_log_id_seq
    START WITH 1
    INCREMENT BY 1
    NO MINVALUE
    NO MAXVALUE
    CACHE 1
);


--
-- Name: django_content_type; Type: TABLE; Schema: public; Owner: postgres
--

CREATE TABLE public.django_content_type (
    id integer NOT NULL,
    app_label character varying(100) NOT NULL,
    model character varying(100) NOT NULL
);


ALTER TABLE public.django_content_type OWNER TO postgres;

--
-- Name: django_content_type_id_seq; Type: SEQUENCE; Schema: public; Owner: postgres
--

ALTER TABLE public.django_content_type ALTER COLUMN id ADD GENERATED BY DEFAULT AS IDENTITY (
    SEQUENCE NAME public.django_content_type_id_seq
    START WITH 1
    INCREMENT BY 1
    NO MINVALUE
    NO MAXVALUE
    CACHE 1
);


--
-- Name: django_migrations; Type: TABLE; Schema: public; Owner: postgres
--

CREATE TABLE public.django_migrations (
    id bigint NOT NULL,
    app character varying(255) NOT NULL,
    name character varying(255) NOT NULL,
    applied timestamp with time zone NOT NULL
);


ALTER TABLE public.django_migrations OWNER TO postgres;

--
-- Name: django_migrations_id_seq; Type: SEQUENCE; Schema: public; Owner: postgres
--

ALTER TABLE public.django_migrations ALTER COLUMN id ADD GENERATED BY DEFAULT AS IDENTITY (
    SEQUENCE NAME public.django_migrations_id_seq
    START WITH 1
    INCREMENT BY 1
    NO MINVALUE
    NO MAXVALUE
    CACHE 1
);


--
-- Name: django_session; Type: TABLE; Schema: public; Owner: postgres
--

CREATE TABLE public.django_session (
    session_key character varying(40) NOT NULL,
    session_data text NOT NULL,
    expire_date timestamp with time zone NOT NULL
);


ALTER TABLE public.django_session OWNER TO postgres;

--
-- Data for Name: app_opuser; Type: TABLE DATA; Schema: public; Owner: postgres
--

COPY public.app_opuser (id, type_op_user, date_op_user, user_id, product_id) FROM stdin;
\.


--
-- Data for Name: app_product; Type: TABLE DATA; Schema: public; Owner: postgres
--

COPY public.app_product (id, name_product, desc_product, code_product, price_product, price_unit_product, unit_product, stock_product) FROM stdin;
4	Stand-alone 5thgeneration utilization	Impact too anyone stuff hand hold social.	47069419	1900.50	144.87	cajas	173
5	Right-sized mobile archive	Dinner thing physical start million affect condition.	84285188	1378.02	465.26	kilogramos	791
6	Configurable regional data-warehouse	Month man identify stock their medical will glass.	10733284	1920.39	110.55	litros	656
7	Inverse high-level model	Onto now suggest single evidence.	03977228	1184.42	374.26	unidades	652
8	Sharable solution-oriented hub	Staff indicate nation mean accept everyone moment exactly.	61231074	1710.19	369.40	kilogramos	596
9	Future-proofed empowering functionalities	Always mission goal wife imagine budget everybody still.	89804003	2091.58	212.56	cajas	524
10	Customizable explicit frame	Mission religious small break base leg ball feeling change.	21747912	1821.45	282.46	unidades	93
11	Robust static interface	Important life old film collection play nice.	01078627	2191.19	142.33	unidades	277
12	Fundamental methodical Graphical User Interface	Heart improve exist pretty side leave.	86590806	2326.33	75.83	unidades	53
13	Distributed global capability	Change specific apply form audience data.	99414066	1602.39	167.46	kilogramos	387
14	Open-architected value-added projection	Clear activity ever agent soldier there material space.	45034565	2189.28	466.48	kilogramos	615
15	Total methodical support	Themselves computer drop figure prevent better.	05050118	983.51	289.03	kilogramos	808
16	Open-architected user-facing success	Almost cut big check trial yeah push remember even product.	95611591	1002.45	143.41	cajas	730
17	Devolved upward-trending pricing structure	Movie market focus become city that six.	80591509	2219.61	400.61	unidades	269
18	Re-engineered upward-trending parallelism	Then tell operation ago him become organization.	95196141	2391.55	295.41	litros	933
19	Exclusive modular methodology	My position themselves through to.	50448809	1126.57	259.94	kilogramos	14
20	Open-source system-worthy website	Operation degree news look important page lot.	83967382	2071.17	244.52	litros	84
1	Table iphone	Tablet de la mejor marca del pais	00821584	1500.00	1699.99	kilogramos	2000
3	Virtual dedicated process improvement	Worry some apply traditional road trouble guy month some computer.	70503875	1722.05	113.71	kilogramos	512
2	Fibra Carbon	Scene yeah son gas hundred drop.	20582637	2108.50	114.88	litros	909
\.


--
-- Data for Name: app_textui; Type: TABLE DATA; Schema: public; Owner: postgres
--

COPY public.app_textui (id, key_text_ui, content_en, content_sw) FROM stdin;
1	btn-home	Home	Hem
2	btn-order	Order	Beställ
3	btn-customers	Our Customers	Våra Kunder
4	btn-about	About us	Om oss
5	btn-contact	Contact Us	Kontakta oss
6	title-login	Log in	Logga in
7	label-email	Enter your email address	Skriv in ditt lösenord
8	label-password	Enter your password	Skriv in ditt lösenord
9	btn-login	Log in	Logga in
10	btn-register	Register	Registrera dig
11	btn-forgot-password	Forgotten password?	Glömt lösenord?
12	input-placeholder-email	Email address	Epost adress
13	input-placeholder-pass	Password	Lösenord
\.


--
-- Data for Name: app_user; Type: TABLE DATA; Schema: public; Owner: postgres
--

COPY public.app_user (id, password, last_login, is_superuser, username, first_name, last_name, is_staff, is_active, date_joined, email) FROM stdin;
1	pbkdf2_sha256$1200000$rb7X9as01TgOHHgPQdVJus$jTjDOc/vy1k494N/osMZGAWtvaVlNHLODdWNGxQoHDg=	2026-04-07 03:11:09.399174-04	t	admin			t	t	2026-04-04 10:44:13.870649-04	marcelruiz234@gmail.com
\.


--
-- Data for Name: app_user_groups; Type: TABLE DATA; Schema: public; Owner: postgres
--

COPY public.app_user_groups (id, user_id, group_id) FROM stdin;
\.


--
-- Data for Name: app_user_user_permissions; Type: TABLE DATA; Schema: public; Owner: postgres
--

COPY public.app_user_user_permissions (id, user_id, permission_id) FROM stdin;
\.


--
-- Data for Name: app_usertextui; Type: TABLE DATA; Schema: public; Owner: postgres
--

COPY public.app_usertextui (id, text_ui_id, user_id) FROM stdin;
\.


--
-- Data for Name: auth_group; Type: TABLE DATA; Schema: public; Owner: postgres
--

COPY public.auth_group (id, name) FROM stdin;
\.


--
-- Data for Name: auth_group_permissions; Type: TABLE DATA; Schema: public; Owner: postgres
--

COPY public.auth_group_permissions (id, group_id, permission_id) FROM stdin;
\.


--
-- Data for Name: auth_permission; Type: TABLE DATA; Schema: public; Owner: postgres
--

COPY public.auth_permission (id, name, content_type_id, codename) FROM stdin;
1	Can add product	2	add_product
2	Can change product	2	change_product
3	Can delete product	2	delete_product
4	Can view product	2	view_product
5	Can add text ui	3	add_textui
6	Can change text ui	3	change_textui
7	Can delete text ui	3	delete_textui
8	Can view text ui	3	view_textui
9	Can add user	4	add_user
10	Can change user	4	change_user
11	Can delete user	4	delete_user
12	Can view user	4	view_user
13	Can add op user	1	add_opuser
14	Can change op user	1	change_opuser
15	Can delete op user	1	delete_opuser
16	Can view op user	1	view_opuser
17	Can add user text ui	5	add_usertextui
18	Can change user text ui	5	change_usertextui
19	Can delete user text ui	5	delete_usertextui
20	Can view user text ui	5	view_usertextui
21	Can add log entry	6	add_logentry
22	Can change log entry	6	change_logentry
23	Can delete log entry	6	delete_logentry
24	Can view log entry	6	view_logentry
25	Can add permission	8	add_permission
26	Can change permission	8	change_permission
27	Can delete permission	8	delete_permission
28	Can view permission	8	view_permission
29	Can add group	7	add_group
30	Can change group	7	change_group
31	Can delete group	7	delete_group
32	Can view group	7	view_group
33	Can add content type	9	add_contenttype
34	Can change content type	9	change_contenttype
35	Can delete content type	9	delete_contenttype
36	Can view content type	9	view_contenttype
37	Can add session	10	add_session
38	Can change session	10	change_session
39	Can delete session	10	delete_session
40	Can view session	10	view_session
\.


--
-- Data for Name: django_admin_log; Type: TABLE DATA; Schema: public; Owner: postgres
--

COPY public.django_admin_log (id, action_time, object_id, object_repr, action_flag, change_message, content_type_id, user_id) FROM stdin;
1	2026-04-05 11:55:07.921652-04	1	btn-home	1	[{"added": {}}]	3	1
2	2026-04-05 11:55:38.016917-04	2	btn-order	1	[{"added": {}}]	3	1
3	2026-04-05 11:56:10.970124-04	3	btn-customers	1	[{"added": {}}]	3	1
4	2026-04-05 11:56:41.29933-04	4	btn-about	1	[{"added": {}}]	3	1
5	2026-04-05 11:57:24.197016-04	5	btn-contact	1	[{"added": {}}]	3	1
6	2026-04-05 17:49:15.682846-04	6	title-login	1	[{"added": {}}]	3	1
7	2026-04-05 17:50:50.083247-04	7	label-email	1	[{"added": {}}]	3	1
8	2026-04-05 17:51:19.42028-04	8	label-password	1	[{"added": {}}]	3	1
9	2026-04-05 17:51:42.303533-04	8	label-password	2	[{"changed": {"fields": ["Content en"]}}]	3	1
10	2026-04-05 17:52:34.583701-04	9	btn-login	1	[{"added": {}}]	3	1
11	2026-04-05 17:52:58.901234-04	10	btn-register	1	[{"added": {}}]	3	1
12	2026-04-05 17:53:47.605822-04	11	btn-forgot-password	1	[{"added": {}}]	3	1
13	2026-04-07 03:12:13.439238-04	1	Table sony	1	[{"added": {}}]	2	1
14	2026-04-08 13:52:51.20631-04	12	input-placeholder	1	[{"added": {}}]	3	1
15	2026-04-08 13:53:03.093566-04	12	input-placeholder-email	2	[{"changed": {"fields": ["Key text ui"]}}]	3	1
16	2026-04-08 13:54:08.229318-04	13	input-placeholder-pass	1	[{"added": {}}]	3	1
\.


--
-- Data for Name: django_content_type; Type: TABLE DATA; Schema: public; Owner: postgres
--

COPY public.django_content_type (id, app_label, model) FROM stdin;
1	app	opuser
2	app	product
3	app	textui
4	app	user
5	app	usertextui
6	admin	logentry
7	auth	group
8	auth	permission
9	contenttypes	contenttype
10	sessions	session
\.


--
-- Data for Name: django_migrations; Type: TABLE DATA; Schema: public; Owner: postgres
--

COPY public.django_migrations (id, app, name, applied) FROM stdin;
1	contenttypes	0001_initial	2026-04-04 10:42:31.449497-04
2	contenttypes	0002_remove_content_type_name	2026-04-04 10:42:31.460778-04
3	auth	0001_initial	2026-04-04 10:42:31.519722-04
4	auth	0002_alter_permission_name_max_length	2026-04-04 10:42:31.525981-04
5	auth	0003_alter_user_email_max_length	2026-04-04 10:42:31.530095-04
6	auth	0004_alter_user_username_opts	2026-04-04 10:42:31.535521-04
7	auth	0005_alter_user_last_login_null	2026-04-04 10:42:31.540408-04
8	auth	0006_require_contenttypes_0002	2026-04-04 10:42:31.54187-04
9	auth	0007_alter_validators_add_error_messages	2026-04-04 10:42:31.546096-04
10	auth	0008_alter_user_username_max_length	2026-04-04 10:42:31.550574-04
11	auth	0009_alter_user_last_name_max_length	2026-04-04 10:42:31.554623-04
12	auth	0010_alter_group_name_max_length	2026-04-04 10:42:31.56064-04
13	auth	0011_update_proxy_permissions	2026-04-04 10:42:31.565945-04
14	auth	0012_alter_user_first_name_max_length	2026-04-04 10:42:31.569976-04
15	app	0001_initial	2026-04-04 10:42:31.656419-04
16	admin	0001_initial	2026-04-04 10:42:31.682578-04
17	admin	0002_logentry_remove_auto_add	2026-04-04 10:42:31.689253-04
18	admin	0003_logentry_add_action_flag_choices	2026-04-04 10:42:31.696219-04
19	sessions	0001_initial	2026-04-04 10:42:31.7071-04
\.


--
-- Data for Name: django_session; Type: TABLE DATA; Schema: public; Owner: postgres
--

COPY public.django_session (session_key, session_data, expire_date) FROM stdin;
nw4ktii02583uzwwotii2yu2nqspv5hb	.eJxVjMsOwiAQRf-FtSHyBpfu-w1kYAapGkhKuzL-uzbpQrf3nHNfLMK21rgNWuKM7MIEO_1uCfKD2g7wDu3Wee5tXebEd4UfdPCpIz2vh_t3UGHUb12MJIJgXCmpCNIAZ5eFCxCCV94a9AKVxgKUvdMWKVhJISlD0ptULHt_AATTOI4:1w9PkC:IyQ1kuXmZumBvSbwW2lg-mwKEG6HkObpSLrY1HETtvg	2026-04-19 11:50:36.242547-04
java102ciqv1c8bjcg6rflsix0mn87pk	.eJxVjMsOwiAQRf-FtSHyBpfu-w1kYAapGkhKuzL-uzbpQrf3nHNfLMK21rgNWuKM7MIEO_1uCfKD2g7wDu3Wee5tXebEd4UfdPCpIz2vh_t3UGHUb12MJIJgXCmpCNIAZ5eFCxCCV94a9AKVxgKUvdMWKVhJISlD0ptULHt_AATTOI4:1wA0ab:n68HHpE1em3Wt3_ETkI2AXR6pnVia--dksBqDFzBx94	2026-04-21 03:11:09.417048-04
\.


--
-- Name: app_opuser_id_seq; Type: SEQUENCE SET; Schema: public; Owner: postgres
--

SELECT pg_catalog.setval('public.app_opuser_id_seq', 1, false);


--
-- Name: app_product_id_seq; Type: SEQUENCE SET; Schema: public; Owner: postgres
--

SELECT pg_catalog.setval('public.app_product_id_seq', 20, true);


--
-- Name: app_textui_id_seq; Type: SEQUENCE SET; Schema: public; Owner: postgres
--

SELECT pg_catalog.setval('public.app_textui_id_seq', 13, true);


--
-- Name: app_user_groups_id_seq; Type: SEQUENCE SET; Schema: public; Owner: postgres
--

SELECT pg_catalog.setval('public.app_user_groups_id_seq', 1, false);


--
-- Name: app_user_id_seq; Type: SEQUENCE SET; Schema: public; Owner: postgres
--

SELECT pg_catalog.setval('public.app_user_id_seq', 1, true);


--
-- Name: app_user_user_permissions_id_seq; Type: SEQUENCE SET; Schema: public; Owner: postgres
--

SELECT pg_catalog.setval('public.app_user_user_permissions_id_seq', 1, false);


--
-- Name: app_usertextui_id_seq; Type: SEQUENCE SET; Schema: public; Owner: postgres
--

SELECT pg_catalog.setval('public.app_usertextui_id_seq', 1, false);


--
-- Name: auth_group_id_seq; Type: SEQUENCE SET; Schema: public; Owner: postgres
--

SELECT pg_catalog.setval('public.auth_group_id_seq', 1, false);


--
-- Name: auth_group_permissions_id_seq; Type: SEQUENCE SET; Schema: public; Owner: postgres
--

SELECT pg_catalog.setval('public.auth_group_permissions_id_seq', 1, false);


--
-- Name: auth_permission_id_seq; Type: SEQUENCE SET; Schema: public; Owner: postgres
--

SELECT pg_catalog.setval('public.auth_permission_id_seq', 40, true);


--
-- Name: django_admin_log_id_seq; Type: SEQUENCE SET; Schema: public; Owner: postgres
--

SELECT pg_catalog.setval('public.django_admin_log_id_seq', 16, true);


--
-- Name: django_content_type_id_seq; Type: SEQUENCE SET; Schema: public; Owner: postgres
--

SELECT pg_catalog.setval('public.django_content_type_id_seq', 10, true);


--
-- Name: django_migrations_id_seq; Type: SEQUENCE SET; Schema: public; Owner: postgres
--

SELECT pg_catalog.setval('public.django_migrations_id_seq', 19, true);


--
-- Name: app_opuser app_opuser_pkey; Type: CONSTRAINT; Schema: public; Owner: postgres
--

ALTER TABLE ONLY public.app_opuser
    ADD CONSTRAINT app_opuser_pkey PRIMARY KEY (id);


--
-- Name: app_product app_product_code_product_key; Type: CONSTRAINT; Schema: public; Owner: postgres
--

ALTER TABLE ONLY public.app_product
    ADD CONSTRAINT app_product_code_product_key UNIQUE (code_product);


--
-- Name: app_product app_product_pkey; Type: CONSTRAINT; Schema: public; Owner: postgres
--

ALTER TABLE ONLY public.app_product
    ADD CONSTRAINT app_product_pkey PRIMARY KEY (id);


--
-- Name: app_textui app_textui_key_text_ui_key; Type: CONSTRAINT; Schema: public; Owner: postgres
--

ALTER TABLE ONLY public.app_textui
    ADD CONSTRAINT app_textui_key_text_ui_key UNIQUE (key_text_ui);


--
-- Name: app_textui app_textui_pkey; Type: CONSTRAINT; Schema: public; Owner: postgres
--

ALTER TABLE ONLY public.app_textui
    ADD CONSTRAINT app_textui_pkey PRIMARY KEY (id);


--
-- Name: app_user app_user_email_key; Type: CONSTRAINT; Schema: public; Owner: postgres
--

ALTER TABLE ONLY public.app_user
    ADD CONSTRAINT app_user_email_key UNIQUE (email);


--
-- Name: app_user_groups app_user_groups_pkey; Type: CONSTRAINT; Schema: public; Owner: postgres
--

ALTER TABLE ONLY public.app_user_groups
    ADD CONSTRAINT app_user_groups_pkey PRIMARY KEY (id);


--
-- Name: app_user_groups app_user_groups_user_id_group_id_73b8e940_uniq; Type: CONSTRAINT; Schema: public; Owner: postgres
--

ALTER TABLE ONLY public.app_user_groups
    ADD CONSTRAINT app_user_groups_user_id_group_id_73b8e940_uniq UNIQUE (user_id, group_id);


--
-- Name: app_user app_user_pkey; Type: CONSTRAINT; Schema: public; Owner: postgres
--

ALTER TABLE ONLY public.app_user
    ADD CONSTRAINT app_user_pkey PRIMARY KEY (id);


--
-- Name: app_user_user_permissions app_user_user_permissions_pkey; Type: CONSTRAINT; Schema: public; Owner: postgres
--

ALTER TABLE ONLY public.app_user_user_permissions
    ADD CONSTRAINT app_user_user_permissions_pkey PRIMARY KEY (id);


--
-- Name: app_user_user_permissions app_user_user_permissions_user_id_permission_id_7c8316ce_uniq; Type: CONSTRAINT; Schema: public; Owner: postgres
--

ALTER TABLE ONLY public.app_user_user_permissions
    ADD CONSTRAINT app_user_user_permissions_user_id_permission_id_7c8316ce_uniq UNIQUE (user_id, permission_id);


--
-- Name: app_user app_user_username_key; Type: CONSTRAINT; Schema: public; Owner: postgres
--

ALTER TABLE ONLY public.app_user
    ADD CONSTRAINT app_user_username_key UNIQUE (username);


--
-- Name: app_usertextui app_usertextui_pkey; Type: CONSTRAINT; Schema: public; Owner: postgres
--

ALTER TABLE ONLY public.app_usertextui
    ADD CONSTRAINT app_usertextui_pkey PRIMARY KEY (id);


--
-- Name: auth_group auth_group_name_key; Type: CONSTRAINT; Schema: public; Owner: postgres
--

ALTER TABLE ONLY public.auth_group
    ADD CONSTRAINT auth_group_name_key UNIQUE (name);


--
-- Name: auth_group_permissions auth_group_permissions_group_id_permission_id_0cd325b0_uniq; Type: CONSTRAINT; Schema: public; Owner: postgres
--

ALTER TABLE ONLY public.auth_group_permissions
    ADD CONSTRAINT auth_group_permissions_group_id_permission_id_0cd325b0_uniq UNIQUE (group_id, permission_id);


--
-- Name: auth_group_permissions auth_group_permissions_pkey; Type: CONSTRAINT; Schema: public; Owner: postgres
--

ALTER TABLE ONLY public.auth_group_permissions
    ADD CONSTRAINT auth_group_permissions_pkey PRIMARY KEY (id);


--
-- Name: auth_group auth_group_pkey; Type: CONSTRAINT; Schema: public; Owner: postgres
--

ALTER TABLE ONLY public.auth_group
    ADD CONSTRAINT auth_group_pkey PRIMARY KEY (id);


--
-- Name: auth_permission auth_permission_content_type_id_codename_01ab375a_uniq; Type: CONSTRAINT; Schema: public; Owner: postgres
--

ALTER TABLE ONLY public.auth_permission
    ADD CONSTRAINT auth_permission_content_type_id_codename_01ab375a_uniq UNIQUE (content_type_id, codename);


--
-- Name: auth_permission auth_permission_pkey; Type: CONSTRAINT; Schema: public; Owner: postgres
--

ALTER TABLE ONLY public.auth_permission
    ADD CONSTRAINT auth_permission_pkey PRIMARY KEY (id);


--
-- Name: django_admin_log django_admin_log_pkey; Type: CONSTRAINT; Schema: public; Owner: postgres
--

ALTER TABLE ONLY public.django_admin_log
    ADD CONSTRAINT django_admin_log_pkey PRIMARY KEY (id);


--
-- Name: django_content_type django_content_type_app_label_model_76bd3d3b_uniq; Type: CONSTRAINT; Schema: public; Owner: postgres
--

ALTER TABLE ONLY public.django_content_type
    ADD CONSTRAINT django_content_type_app_label_model_76bd3d3b_uniq UNIQUE (app_label, model);


--
-- Name: django_content_type django_content_type_pkey; Type: CONSTRAINT; Schema: public; Owner: postgres
--

ALTER TABLE ONLY public.django_content_type
    ADD CONSTRAINT django_content_type_pkey PRIMARY KEY (id);


--
-- Name: django_migrations django_migrations_pkey; Type: CONSTRAINT; Schema: public; Owner: postgres
--

ALTER TABLE ONLY public.django_migrations
    ADD CONSTRAINT django_migrations_pkey PRIMARY KEY (id);


--
-- Name: django_session django_session_pkey; Type: CONSTRAINT; Schema: public; Owner: postgres
--

ALTER TABLE ONLY public.django_session
    ADD CONSTRAINT django_session_pkey PRIMARY KEY (session_key);


--
-- Name: app_opuser_product_id_a32475b0; Type: INDEX; Schema: public; Owner: postgres
--

CREATE INDEX app_opuser_product_id_a32475b0 ON public.app_opuser USING btree (product_id);


--
-- Name: app_opuser_user_id_e5581b35; Type: INDEX; Schema: public; Owner: postgres
--

CREATE INDEX app_opuser_user_id_e5581b35 ON public.app_opuser USING btree (user_id);


--
-- Name: app_product_code_product_1bc143c2_like; Type: INDEX; Schema: public; Owner: postgres
--

CREATE INDEX app_product_code_product_1bc143c2_like ON public.app_product USING btree (code_product varchar_pattern_ops);


--
-- Name: app_textui_key_text_ui_4d2452a6_like; Type: INDEX; Schema: public; Owner: postgres
--

CREATE INDEX app_textui_key_text_ui_4d2452a6_like ON public.app_textui USING btree (key_text_ui varchar_pattern_ops);


--
-- Name: app_user_email_efde8896_like; Type: INDEX; Schema: public; Owner: postgres
--

CREATE INDEX app_user_email_efde8896_like ON public.app_user USING btree (email varchar_pattern_ops);


--
-- Name: app_user_groups_group_id_e774d92c; Type: INDEX; Schema: public; Owner: postgres
--

CREATE INDEX app_user_groups_group_id_e774d92c ON public.app_user_groups USING btree (group_id);


--
-- Name: app_user_groups_user_id_e6f878f6; Type: INDEX; Schema: public; Owner: postgres
--

CREATE INDEX app_user_groups_user_id_e6f878f6 ON public.app_user_groups USING btree (user_id);


--
-- Name: app_user_user_permissions_permission_id_4ef8e133; Type: INDEX; Schema: public; Owner: postgres
--

CREATE INDEX app_user_user_permissions_permission_id_4ef8e133 ON public.app_user_user_permissions USING btree (permission_id);


--
-- Name: app_user_user_permissions_user_id_24780b52; Type: INDEX; Schema: public; Owner: postgres
--

CREATE INDEX app_user_user_permissions_user_id_24780b52 ON public.app_user_user_permissions USING btree (user_id);


--
-- Name: app_user_username_9d6296ff_like; Type: INDEX; Schema: public; Owner: postgres
--

CREATE INDEX app_user_username_9d6296ff_like ON public.app_user USING btree (username varchar_pattern_ops);


--
-- Name: app_usertextui_text_ui_id_011d39ae; Type: INDEX; Schema: public; Owner: postgres
--

CREATE INDEX app_usertextui_text_ui_id_011d39ae ON public.app_usertextui USING btree (text_ui_id);


--
-- Name: app_usertextui_user_id_7a341aca; Type: INDEX; Schema: public; Owner: postgres
--

CREATE INDEX app_usertextui_user_id_7a341aca ON public.app_usertextui USING btree (user_id);


--
-- Name: auth_group_name_a6ea08ec_like; Type: INDEX; Schema: public; Owner: postgres
--

CREATE INDEX auth_group_name_a6ea08ec_like ON public.auth_group USING btree (name varchar_pattern_ops);


--
-- Name: auth_group_permissions_group_id_b120cbf9; Type: INDEX; Schema: public; Owner: postgres
--

CREATE INDEX auth_group_permissions_group_id_b120cbf9 ON public.auth_group_permissions USING btree (group_id);


--
-- Name: auth_group_permissions_permission_id_84c5c92e; Type: INDEX; Schema: public; Owner: postgres
--

CREATE INDEX auth_group_permissions_permission_id_84c5c92e ON public.auth_group_permissions USING btree (permission_id);


--
-- Name: auth_permission_content_type_id_2f476e4b; Type: INDEX; Schema: public; Owner: postgres
--

CREATE INDEX auth_permission_content_type_id_2f476e4b ON public.auth_permission USING btree (content_type_id);


--
-- Name: django_admin_log_content_type_id_c4bce8eb; Type: INDEX; Schema: public; Owner: postgres
--

CREATE INDEX django_admin_log_content_type_id_c4bce8eb ON public.django_admin_log USING btree (content_type_id);


--
-- Name: django_admin_log_user_id_c564eba6; Type: INDEX; Schema: public; Owner: postgres
--

CREATE INDEX django_admin_log_user_id_c564eba6 ON public.django_admin_log USING btree (user_id);


--
-- Name: django_session_expire_date_a5c62663; Type: INDEX; Schema: public; Owner: postgres
--

CREATE INDEX django_session_expire_date_a5c62663 ON public.django_session USING btree (expire_date);


--
-- Name: django_session_session_key_c0390e0f_like; Type: INDEX; Schema: public; Owner: postgres
--

CREATE INDEX django_session_session_key_c0390e0f_like ON public.django_session USING btree (session_key varchar_pattern_ops);


--
-- Name: app_opuser app_opuser_product_id_a32475b0_fk_app_product_id; Type: FK CONSTRAINT; Schema: public; Owner: postgres
--

ALTER TABLE ONLY public.app_opuser
    ADD CONSTRAINT app_opuser_product_id_a32475b0_fk_app_product_id FOREIGN KEY (product_id) REFERENCES public.app_product(id) DEFERRABLE INITIALLY DEFERRED;


--
-- Name: app_opuser app_opuser_user_id_e5581b35_fk_app_user_id; Type: FK CONSTRAINT; Schema: public; Owner: postgres
--

ALTER TABLE ONLY public.app_opuser
    ADD CONSTRAINT app_opuser_user_id_e5581b35_fk_app_user_id FOREIGN KEY (user_id) REFERENCES public.app_user(id) DEFERRABLE INITIALLY DEFERRED;


--
-- Name: app_user_groups app_user_groups_group_id_e774d92c_fk_auth_group_id; Type: FK CONSTRAINT; Schema: public; Owner: postgres
--

ALTER TABLE ONLY public.app_user_groups
    ADD CONSTRAINT app_user_groups_group_id_e774d92c_fk_auth_group_id FOREIGN KEY (group_id) REFERENCES public.auth_group(id) DEFERRABLE INITIALLY DEFERRED;


--
-- Name: app_user_groups app_user_groups_user_id_e6f878f6_fk_app_user_id; Type: FK CONSTRAINT; Schema: public; Owner: postgres
--

ALTER TABLE ONLY public.app_user_groups
    ADD CONSTRAINT app_user_groups_user_id_e6f878f6_fk_app_user_id FOREIGN KEY (user_id) REFERENCES public.app_user(id) DEFERRABLE INITIALLY DEFERRED;


--
-- Name: app_user_user_permissions app_user_user_permis_permission_id_4ef8e133_fk_auth_perm; Type: FK CONSTRAINT; Schema: public; Owner: postgres
--

ALTER TABLE ONLY public.app_user_user_permissions
    ADD CONSTRAINT app_user_user_permis_permission_id_4ef8e133_fk_auth_perm FOREIGN KEY (permission_id) REFERENCES public.auth_permission(id) DEFERRABLE INITIALLY DEFERRED;


--
-- Name: app_user_user_permissions app_user_user_permissions_user_id_24780b52_fk_app_user_id; Type: FK CONSTRAINT; Schema: public; Owner: postgres
--

ALTER TABLE ONLY public.app_user_user_permissions
    ADD CONSTRAINT app_user_user_permissions_user_id_24780b52_fk_app_user_id FOREIGN KEY (user_id) REFERENCES public.app_user(id) DEFERRABLE INITIALLY DEFERRED;


--
-- Name: app_usertextui app_usertextui_text_ui_id_011d39ae_fk_app_textui_id; Type: FK CONSTRAINT; Schema: public; Owner: postgres
--

ALTER TABLE ONLY public.app_usertextui
    ADD CONSTRAINT app_usertextui_text_ui_id_011d39ae_fk_app_textui_id FOREIGN KEY (text_ui_id) REFERENCES public.app_textui(id) DEFERRABLE INITIALLY DEFERRED;


--
-- Name: app_usertextui app_usertextui_user_id_7a341aca_fk_app_user_id; Type: FK CONSTRAINT; Schema: public; Owner: postgres
--

ALTER TABLE ONLY public.app_usertextui
    ADD CONSTRAINT app_usertextui_user_id_7a341aca_fk_app_user_id FOREIGN KEY (user_id) REFERENCES public.app_user(id) DEFERRABLE INITIALLY DEFERRED;


--
-- Name: auth_group_permissions auth_group_permissio_permission_id_84c5c92e_fk_auth_perm; Type: FK CONSTRAINT; Schema: public; Owner: postgres
--

ALTER TABLE ONLY public.auth_group_permissions
    ADD CONSTRAINT auth_group_permissio_permission_id_84c5c92e_fk_auth_perm FOREIGN KEY (permission_id) REFERENCES public.auth_permission(id) DEFERRABLE INITIALLY DEFERRED;


--
-- Name: auth_group_permissions auth_group_permissions_group_id_b120cbf9_fk_auth_group_id; Type: FK CONSTRAINT; Schema: public; Owner: postgres
--

ALTER TABLE ONLY public.auth_group_permissions
    ADD CONSTRAINT auth_group_permissions_group_id_b120cbf9_fk_auth_group_id FOREIGN KEY (group_id) REFERENCES public.auth_group(id) DEFERRABLE INITIALLY DEFERRED;


--
-- Name: auth_permission auth_permission_content_type_id_2f476e4b_fk_django_co; Type: FK CONSTRAINT; Schema: public; Owner: postgres
--

ALTER TABLE ONLY public.auth_permission
    ADD CONSTRAINT auth_permission_content_type_id_2f476e4b_fk_django_co FOREIGN KEY (content_type_id) REFERENCES public.django_content_type(id) DEFERRABLE INITIALLY DEFERRED;


--
-- Name: django_admin_log django_admin_log_content_type_id_c4bce8eb_fk_django_co; Type: FK CONSTRAINT; Schema: public; Owner: postgres
--

ALTER TABLE ONLY public.django_admin_log
    ADD CONSTRAINT django_admin_log_content_type_id_c4bce8eb_fk_django_co FOREIGN KEY (content_type_id) REFERENCES public.django_content_type(id) DEFERRABLE INITIALLY DEFERRED;


--
-- Name: django_admin_log django_admin_log_user_id_c564eba6_fk_app_user_id; Type: FK CONSTRAINT; Schema: public; Owner: postgres
--

ALTER TABLE ONLY public.django_admin_log
    ADD CONSTRAINT django_admin_log_user_id_c564eba6_fk_app_user_id FOREIGN KEY (user_id) REFERENCES public.app_user(id) DEFERRABLE INITIALLY DEFERRED;


--
-- Name: SCHEMA public; Type: ACL; Schema: -; Owner: postgres
--

REVOKE USAGE ON SCHEMA public FROM PUBLIC;


--
-- PostgreSQL database dump complete
--

\unrestrict Yen2daPNqwaJHOXnIZlbMqBpZ4lrGXagR8zP0vBD5usSIAXBo0HWFisy6j0WoBc

